INSERT INTO "act" ("actor_id", "movie_id", "if_main", "role") VALUES (1, 1, 't', 'Andy Dufresne');
INSERT INTO "act" ("actor_id", "movie_id", "if_main", "role") VALUES (2, 1, 't', 'Ellis Boyd ''Red'' Redding');
INSERT INTO "act" ("actor_id", "movie_id", "if_main", "role") VALUES (3, 1, 'f', 'Warden Norton');
INSERT INTO "act" ("actor_id", "movie_id", "if_main", "role") VALUES (4, 2, 't', 'Don Vito Corleone');
INSERT INTO "act" ("actor_id", "movie_id", "if_main", "role") VALUES (5, 2, 't', 'Michael Corleone');
INSERT INTO "act" ("actor_id", "movie_id", "if_main", "role") VALUES (6, 3, 't', 'Bruce Wayne');
INSERT INTO "act" ("actor_id", "movie_id", "if_main", "role") VALUES (7, 3, 't', 'Joker');
INSERT INTO "act" ("actor_id", "movie_id", "if_main", "role") VALUES (8, 3, 'f', 'Harvey Dent');
INSERT INTO "act" ("actor_id", "movie_id", "if_main", "role") VALUES (9, 3, 'f', '	Alfred');
INSERT INTO "act" ("actor_id", "movie_id", "if_main", "role") VALUES (10, 3, 'f', 'Gordon');
INSERT INTO "act" ("actor_id", "movie_id", "if_main", "role") VALUES (2, 3, 'f', 'Lucius Fox');
INSERT INTO "act" ("actor_id", "movie_id", "if_main", "role") VALUES (11, 4, 't', 'Juror 1');
INSERT INTO "act" ("actor_id", "movie_id", "if_main", "role") VALUES (12, 4, 't', 'Juror 2');
INSERT INTO "act" ("actor_id", "movie_id", "if_main", "role") VALUES (13, 5, 't', 'Oskar Schindler');
INSERT INTO "act" ("actor_id", "movie_id", "if_main", "role") VALUES (14, 5, 'f', 'Itzhak Stern');
INSERT INTO "act" ("actor_id", "movie_id", "if_main", "role") VALUES (15, 5, 'f', 'Amon Goeth');
INSERT INTO "act" ("actor_id", "movie_id", "if_main", "role") VALUES (16, 5, 'f', 'Emilie Schindler');
INSERT INTO "act" ("actor_id", "movie_id", "if_main", "role") VALUES (17, 5, 'f', 'Poldek Pfefferberg (as Jonathan Sagalle)');
INSERT INTO "act" ("actor_id", "movie_id", "if_main", "role") VALUES (18, 6, 't', 'Everard Proudfoot');
INSERT INTO "act" ("actor_id", "movie_id", "if_main", "role") VALUES (19, 6, 'f', 'Elanor Gamgee (as Alexandra Astin)');
INSERT INTO "act" ("actor_id", "movie_id", "if_main", "role") VALUES (20, 6, 't', 'Sam');
INSERT INTO "act" ("actor_id", "movie_id", "if_main", "role") VALUES (21, 6, 'f', 'Gondorian Soldier 3');
INSERT INTO "act" ("actor_id", "movie_id", "if_main", "role") VALUES (22, 6, 'f', 'Madril');
INSERT INTO "act" ("actor_id", "movie_id", "if_main", "role") VALUES (23, 6, 'f', 'Boromir');
INSERT INTO "act" ("actor_id", "movie_id", "if_main", "role") VALUES (24, 6, 'f', 'Galadriel');
INSERT INTO "act" ("actor_id", "movie_id", "if_main", "role") VALUES (25, 6, 'f', 'Legolas');
INSERT INTO "actor" ("id", "first_name", "last_name", "info") VALUES (1, 'Tim', 'Robbins', 'Born in West Covina, California, but raised in New York City, Tim Robbins is the son of former The Highwaymen singer Gil Robbins and actress Mary Robbins (née Bledsoe).');
INSERT INTO "actor" ("id", "first_name", "last_name", "info") VALUES (2, 'Morgan', 'Freeman', 'With an authoritative voice and calm demeanor, this ever popular American actor has grown into one of the most respected figures in modern US cinema. ');
INSERT INTO "actor" ("id", "first_name", "last_name", "info") VALUES (3, 'Bob', 'Gunton', 'Bob Gunton is an American actor, primarily known for portraying strict and authoritarian characters in popular films.');
INSERT INTO "actor" ("id", "first_name", "last_name", "info") VALUES (4, 'Marlon', 'Brando', 'Marlon Brando is widely considered the greatest movie actor of all time, rivaled only by the more theatrically oriented Laurence Olivier in terms of esteem. ');
INSERT INTO "actor" ("id", "first_name", "last_name", "info") VALUES (5, 'Al', 'Pacino', 'Alfredo James "Al" ''Pacino established himself as a film actor during one of cinema''s most vibrant decades, the 1970s, and has become an enduring and iconic figure in the world of American movies.');
INSERT INTO "actor" ("id", "first_name", "last_name", "info") VALUES (6, 'Christian', 'Bale', 'Christian Charles Philip Bale was born in Pembrokeshire, Wales, UK on January 30, 1974, to English parents Jennifer "Jenny" (James) and David Bale. ');
INSERT INTO "actor" ("id", "first_name", "last_name", "info") VALUES (7, 'Heath', 'Ledger', 'When hunky, twenty-year-old heart-throb Heath Ledger first came to the attention of the public in 1999, it was all too easy to tag him as a "pretty boy" and an actor of little depth. ');
INSERT INTO "actor" ("id", "first_name", "last_name", "info") VALUES (8, 'Aaron', 'Eckhart', 'Aaron Eckhart was born on March 12, 1968 in Cupertino, California, USA as Aaron Edward Eckhart. ');
INSERT INTO "actor" ("id", "first_name", "last_name", "info") VALUES (9, 'Michael', 'Caine', 'Michael Caine was born Maurice Joseph Micklewhite in London, to Ellen Frances Marie (Burchell), a charlady, and Maurice Joseph Micklewhite, a fish-market porter. ');
INSERT INTO "actor" ("id", "first_name", "last_name", "info") VALUES (10, 'Gary', 'Oldman', 'Gary Oldman is a talented English movie star and character actor, renowned for his expressive acting style.');
INSERT INTO "actor" ("id", "first_name", "last_name", "info") VALUES (11, 'Martin', 'Balsam', 'Martin Henry Balsam was born on November 4, 1919 in the Bronx, New York City, to Lillian (Weinstein) and Albert Balsam, a manufacturer of women''s sportswear. ');
INSERT INTO "actor" ("id", "first_name", "last_name", "info") VALUES (12, 'John', 'Fiedler', 'Typical of busy character actors, Fiedler made his face (and voice) recognizable to millions.');
INSERT INTO "actor" ("id", "first_name", "last_name", "info") VALUES (13, 'Liam', 'Neeson', 'Liam Neeson was born on June 7, 1952 in Ballymena, Northern Ireland, to Katherine (Brown), a cook, and Bernard Neeson, a school caretaker. ');
INSERT INTO "actor" ("id", "first_name", "last_name", "info") VALUES (14, 'Ben', 'Kingsley', 'Ben Kingsley was born Krishna Bhanji on December 31, 1943 in Scarborough, Yorkshire, England. ');
INSERT INTO "actor" ("id", "first_name", "last_name", "info") VALUES (15, '	Ralph', 'Fiennes', 'Actor Ralph Nathaniel Twisleton-Wykeham-Fiennes was born on December 22, 1962 in Suffolk, England, to Jennifer Anne Mary Alleyne (Lash), a novelist, and Mark Fiennes, a photographer.');
INSERT INTO "actor" ("id", "first_name", "last_name", "info") VALUES (16, 'Caroline', 'Goodall', 'Born in Britain to Australian parents, Caroline Goodall is internationally known as a leading actress who has starred in some of the biggest blockbusters of the 90''s');
INSERT INTO "actor" ("id", "first_name", "last_name", "info") VALUES (17, 'Jonathan', 'Sagall', 'Born and raised in Toronto, Canada. During his teens, his family moved to Israel where his film career began as an actor. ');
INSERT INTO "actor" ("id", "first_name", "last_name", "info") VALUES (18, 'Noel', 'Appleby', 'Noel Appleby was born on April 5, 1933.');
INSERT INTO "actor" ("id", "first_name", "last_name", "info") VALUES (19, 'Ali', 'Astin', 'Ali Astin was born on November 27, 1996 in California, USA as Alexandra Louise Astin.');
INSERT INTO "actor" ("id", "first_name", "last_name", "info") VALUES (20, 'Sean', 'Astin', 'Sean Patrick Astin (né Duke; February 25, 1971) is an American actor, voice actor, screenwriter, director....');
INSERT INTO "actor" ("id", "first_name", "last_name", "info") VALUES (21, 'David', 'Aston', 'David Aston is an actor');
INSERT INTO "actor" ("id", "first_name", "last_name", "info") VALUES (22, 'John', 'Bach', 'John Bach was born on June 5, 1946 in Wales. ');
INSERT INTO "actor" ("id", "first_name", "last_name", "info") VALUES (23, 'Sean', 'Bean', 'Sean Bean''s career since the eighties spans theatre, radio, television and movies. ');
INSERT INTO "actor" ("id", "first_name", "last_name", "info") VALUES (24, 'Cate', 'Blanchett', 'Cate Blanchett was born on May 14, 1969 in Melbourne, Victoria, Australia, to June (Gamble), an Australian teacher and property developer');
INSERT INTO "actor" ("id", "first_name", "last_name", "info") VALUES (25, 'Orlando', 'Jonathan', 'Orlando Jonathan Blanchard Copeland Bloom was born on January 13, 1977 in Canterbury, Kent, England. ');
INSERT INTO "director" ("id", "first_name", "last_name", "info") VALUES (1, 'Frank', 'Darabont', 'Three-time Oscar nominee Frank Darabont was born in a refugee camp in 1959 in Montbeliard, France, the son of Hungarian parents who had fled Budapest during the failed 1956 Hungarian revolution. ');
INSERT INTO "director" ("id", "first_name", "last_name", "info") VALUES (3, 'Christopher', 'Nolan', 'Best known for his cerebral, often nonlinear, storytelling, acclaimed writer-director Christopher Nolan was born on July 30, 1970, in London, England. ');
INSERT INTO "director" ("id", "first_name", "last_name", "info") VALUES (4, 'Sidney', 'Lumet', 'Sidney Lumet was a master of cinema, best known for his technical knowledge and his skill at getting first-rate performances from his actors -- and for shooting most of his films in his beloved New York. ');
INSERT INTO "director" ("id", "first_name", "last_name", "info") VALUES (5, 'Steven', 'Spielberg', 'One of the most influential personalities in the history of cinema, Steven Spielberg is Hollywood''s best known director and one of the wealthiest filmmakers in the world.');
INSERT INTO "director" ("id", "first_name", "last_name", "info") VALUES (6, 'Peter', 'Jackson', 'Peter Jackson was born as an only child in a small coast-side town in New Zealand in 1961.');
INSERT INTO "director" ("id", "first_name", "last_name", "info") VALUES (2, 'Francis', ' Coppola', 'Francis Ford Coppola was born in 1939 in Detroit, Michigan, but grew up in a New York suburb in a creative, supportive Italian-American family.');
INSERT INTO "genre" ("name", "info") VALUES ('Action', 'An action story is similar to adventure, and the protagonist usually takes a risky turn, which leads to desperate situations (including explosions, fight scenes, daring escapes, etc.). ');
INSERT INTO "genre" ("name", "info") VALUES ('Adventure', 'An adventure story is about a protagonist who journeys to epic or distant places to accomplish something. ');
INSERT INTO "genre" ("name", "info") VALUES ('Comedy', 'Comedy is a story that tells about a series of funny, or comical events, intended to make the audience laugh.');
INSERT INTO "genre" ("name", "info") VALUES ('Crime', 'A crime story is often about a crime that is being committed or was committed, but can also be an account of a criminal''s life. ');
INSERT INTO "genre" ("name", "info") VALUES ('Fantasy', 'A fantasy story is about magic or supernatural forces, as opposed to technology as seen in science fiction. ');
INSERT INTO "genre" ("name", "info") VALUES ('Historical', 'A story about a real person or event. ');
INSERT INTO "genre" ("name", "info") VALUES ('Horror', 'A horror story is told to deliberately scare or frighten the audience, through suspense, violence or shock.');
INSERT INTO "genre" ("name", "info") VALUES ('Romance', 'Most often, a romance is understood to be "love stories," emotion-driven stories that are primarily focused on the relationship between the main characters of the story.');
INSERT INTO "genre" ("name", "info") VALUES ('Satire', 'Satire is usually meant to be funny, but its purpose is not primarily humour as an attack on something the author disapproves of.');
INSERT INTO "genre" ("name", "info") VALUES ('Science fiction', 'Science fiction (once known as scientific romance) is similar to fantasy, except stories in this genre use scientific understanding to explain the universe that it takes place in.');
INSERT INTO "genre" ("name", "info") VALUES ('Cyberpunk', 'Cyberpunk is a speculative subgenre of scifi that involves stories with a futuristic storyline dealing with people who have been physically or mentally enhanced with cybernetic components.');
INSERT INTO "genre" ("name", "info") VALUES ('Western', 'Stories in the Western genre are set in the American West, between the time of the Civil war and the early 20th century.');
INSERT INTO "genre" ("name", "info") VALUES ('Other', 'Other genres.');
INSERT INTO "genre" ("name", "info") VALUES ('Drama', 'Drama is the specific mode of fiction represented in performance: a play, opera, mime, ballet, etc., performed in a theatre, or on radio or television.');
INSERT INTO "history" ("user_id", "movie_id", "watch_time") VALUES (1, 1, '2021-05-05');
INSERT INTO "history" ("user_id", "movie_id", "watch_time") VALUES (2, 2, '2021-05-06');
INSERT INTO "movie" ("id", "title", "url", "genre", "studio", "director", "date_produced", "total_rating_count", "total_rating", "available", "summary") VALUES (1, 'The Shawshank Redemption', 'https://www.imdb.com/video/vi3877612057?playlistId=tt0111161&ref_=tt_pr_ov_vi', 'Drama', 'Warner Bros.', 1, '1994-10-14', NULL, NULL, 't', 'Two imprisoned men bond over a number of years, finding solace and eventual redemption through acts of common decency.');
INSERT INTO "movie" ("id", "title", "url", "genre", "studio", "director", "date_produced", "total_rating_count", "total_rating", "available", "summary") VALUES (2, 'The Godfather', 'https://www.imdb.com/video/imdb/vi1348706585?playlistId=tt0068646&ref_=tt_ov_vi', 'Crime', 'Paramount Pictures', 2, '1972-03-24', NULL, NULL, 't', 'An organized crime dynasty''s aging patriarch transfers control of his clandestine empire to his reluctant son.');
INSERT INTO "movie" ("id", "title", "url", "genre", "studio", "director", "date_produced", "total_rating_count", "total_rating", "available", "summary") VALUES (3, 'The Dark Knight', 'https://www.imdb.com/video/imdb/vi324468761?playlistId=tt0468569&ref_=tt_ov_vi', 'Action', 'Warner Bros.', 3, '2008-07-18', NULL, NULL, 't', 'When the menace known as the Joker wreaks havoc and chaos on the people of Gotham, Batman must accept one of the greatest psychological and physical tests of his ability to fight injustice.');
INSERT INTO "movie" ("id", "title", "url", "genre", "studio", "director", "date_produced", "total_rating_count", "total_rating", "available", "summary") VALUES (4, '12 Angry Men', 'https://www.imdb.com/video/imdb/vi3452609817?playlistId=tt0050083&ref_=tt_ov_vi', 'Crime', 'Metro-Goldwyn-Mayer Pictures', 4, '1957-04-10', NULL, NULL, 't', 'A jury holdout attempts to prevent a miscarriage of justice by forcing his colleagues to reconsider the evidence.');
INSERT INTO "movie" ("id", "title", "url", "genre", "studio", "director", "date_produced", "total_rating_count", "total_rating", "available", "summary") VALUES (5, 'Schindler''s List', 'https://www.imdb.com/video/imdb/vi1158527769?playlistId=tt0108052&ref_=tt_pr_ov_vi', 'Historical', 'Universal Pictures', 5, '1994-02-04', NULL, NULL, 't', 'In German-occupied Poland during World War II, industrialist Oskar Schindler gradually becomes concerned for his Jewish workforce after witnessing their persecution by the Nazis.');
INSERT INTO "movie" ("id", "title", "url", "genre", "studio", "director", "date_produced", "total_rating_count", "total_rating", "available", "summary") VALUES (6, 'The Lord of the Rings: The Return of the King', 'https://www.imdb.com/video/imdb/vi2073101337?playlistId=tt0167260&ref_=tt_pr_ov_vi', 'Fantasy', 'New Line Cinema', 6, '2003-12-17', NULL, NULL, 't', 'Gandalf and Aragorn lead the World of Men against Sauron''s army to draw his gaze from Frodo and Sam as they approach Mount Doom with the One Ring.');
INSERT INTO "plan" ("name", "month_length", "total_price") VALUES ('Free Try', '7 days', '0.000');
INSERT INTO "plan" ("name", "month_length", "total_price") VALUES ('One Month', '1 mon', '30.000');
INSERT INTO "plan" ("name", "month_length", "total_price") VALUES ('One Year', '1 year', '300.000');
INSERT INTO "plan" ("name", "month_length", "total_price") VALUES ('Half Year', '6 mons', '160.000');
INSERT INTO "studio" ("name", "date_founded") VALUES ('Warner Bros.', '1923-04-04');
INSERT INTO "studio" ("name", "date_founded") VALUES ('Paramount Pictures', '1912-05-08');
INSERT INTO "studio" ("name", "date_founded") VALUES ('Walt Disney Pictures', '1923-10-16');
INSERT INTO "studio" ("name", "date_founded") VALUES ('20th Century Studios', '1935-05-31');
INSERT INTO "studio" ("name", "date_founded") VALUES ('Columbia Pictures', '1924-01-10');
INSERT INTO "studio" ("name", "date_founded") VALUES ('Universal Pictures', '1912-04-30');
INSERT INTO "studio" ("name", "date_founded") VALUES ('Metro-Goldwyn-Mayer Pictures', '1924-04-17');
INSERT INTO "studio" ("name", "date_founded") VALUES ('New Line Cinema', '1967-01-01');
INSERT INTO "subscription" ("user_id", "plan_name", "start_date", "purchased_date") VALUES (1, 'Free Try', '2021-05-05', '2021-05-05');
INSERT INTO "subscription" ("user_id", "plan_name", "start_date", "purchased_date") VALUES (2, 'One Month', '2021-05-05', '2021-05-03');
INSERT INTO "subscription" ("user_id", "plan_name", "start_date", "purchased_date") VALUES (3, 'One Month', '2021-03-02', '2021-01-25');
INSERT INTO "subscription" ("user_id", "plan_name", "start_date", "purchased_date") VALUES (4, 'One Year', '2021-05-05', '2021-05-05');
INSERT INTO "subscription" ("user_id", "plan_name", "start_date", "purchased_date") VALUES (5, 'Half Year', '2021-04-01', '2021-04-02');
INSERT INTO "users" ("id", "first_name", "last_name", "email", "phone_number", "password") VALUES (1, ' James', 'Smith', 'james@email.com', NULL, 'ahfdhsdfgdxcvbfh');
INSERT INTO "users" ("id", "first_name", "last_name", "email", "phone_number", "password") VALUES (2, 'John', 'Taylor', 'hohntaylor@email.com', '7573321111', 'asdfgadsgasdf');
INSERT INTO "users" ("id", "first_name", "last_name", "email", "phone_number", "password") VALUES (3, 'David', 'Lee', 'dl@email.com', '7573331122', 'dgadfhgsdfh');
INSERT INTO "users" ("id", "first_name", "last_name", "email", "phone_number", "password") VALUES (4, 'Mary', 'Brown', 'mbrown@email.com', '7473331234', 'dfasgerfheragygafd');
INSERT INTO "users" ("id", "first_name", "last_name", "email", "phone_number", "password") VALUES (5, 'Lisa', 'Williams', 'lisa@email.com', NULL, '3r5234tr534tdxcvdf');
INSERT INTO "users" ("id", "first_name", "last_name", "email", "phone_number", "password") VALUES (6, 'Edward', 'Thompson', 'edward@email.com', '5442322145', 'agsr34t 4gdfhga');
INSERT INTO "users" ("id", "first_name", "last_name", "email", "phone_number", "password") VALUES (7, 'Brian', 'White', 'bw@email.com', '3452355667', 'rfgsrh356w4tgefw32t5');
INSERT INTO "users" ("id", "first_name", "last_name", "email", "phone_number", "password") VALUES (8, 'Donald', 'Martin', 'dmartin@email.com', '', 'dasgergyertyerfgsdhgr');
INSERT INTO "users" ("id", "first_name", "last_name", "email", "phone_number", "password") VALUES (9, 'Susan', 'Miller', 'susan@email.com', '3554441111', 'datewt32453');
INSERT INTO "users" ("id", "first_name", "last_name", "email", "phone_number", "password") VALUES (10, 'Laura', 'Smith', 'laura@email.com', NULL, 'fat3453fgsfdger');
